id_cliente,nombre,descuento,dscto_pp
1,Alberto Castro,0,10
2,Leticia Sebastián,0,10
3,Alma Sebastián,0,10
4,Juan Carlos Agustín Felipe (JdlB),0,10
5,Polifibras,0,10
6,Víctor Hugo Iñiguez,0,10
7,Orlando González,0,10
8,Pedro Moreno,0,10
9,Diplast,0,10
10,José Ramon Dipp (Fibra De Vidrio),0,10
11,La Loba,0,10
12,Alberto Mejía,0,5
13,Ubaldo Castro,0,10
14,Nitram,0,10
30,Salvador Monroy,1,10
31,Empresa Plástica,0,10
32,Juan Carlos Ortíz,0,10
33,Héctor Santana,0,10
34,El Trastecito,0,10
35,Carlos Richarte,0,10
36,JR y Compañía (Jesús Muñoz),0,10
37,Esteban Pérez,0,10
50,Federico Ramirez,0,5
51,Juan Pablo Romero,0,10
52,Perla Romero,0,10
53,Genaro Romero,0,10
54,Diego Domínguez,0,10
55,Alfonso Agustín,0,10
56,Janet Segundo,0,10
57,Juan Ángel Araujo,0,10
58,Juan Acosta,0,10
59,Cesar Dominguez,0,10
60,Roció Nicolas,0,10
61,Efrén Márquez,0,10
62,Norma Sandoval,0,10
63,Heliodoro Morales,0,10
64,Ignacio Nicolas,0,10
65,Mary González,0,10
66,Perla Reyes,0,10
67,Karen Sandoval,0,10
68,Javier Torres,0,10
69,Rodolfo González,0,10
70,Moisés Hernández,0,10
71,Chachis (Jesús Medina Torres),0,10
72,Luis Enrique Alonso,0,10
73,Ana Domínguez,0,10
74,José Luis Alonso,0,10
75,Ramiro Bravo,1,10
76,Andrés Aguilar,0,10
77,Lupita Nicolas,0,10
78,José Gómez,0,10
79,Antonio Martínez,0,10
80,Chayo,0,10
81,Paty Nicolas,0,10
82,Carmen Ortíz,0,10
83,Oscar Hernández,0,10
84,Citlalli Segundo,0,10
85,Osvaldo Cruz,0,10
86,Gustavo Canales,0,10
87,Juan Carlos Agustín Felipe,0,10
88,Sara Medina,0,10
89,José Aguinaga (Joe),0,10
90,María De La Luz Ruíz Molina,0,10
91,Manuel Ambriz,0,10
92,Jorge Muñoz,0,10
93,Karla González,0,10
94,Toño Camor,0,10
95,Miguel Nicolas,0,10
96,Roberto Jimenez,0,10
97,Isidro Beltrán,0,10
110,Alejandro Tobías,0,10
111,Irineo Castellanos,0,10
112,Artiprim,0,10
120,Ismael Carrillo Zac,0,10
121,Mercedes Gómez,0,10
122,Gerardo De La Cerda,0,10
123,Fernando Hidalgo,0,10
124,Gorila Plásticos (Luis Enrique Castro),0,10
125,Diego Funes,0,10
126,Miguel Quiroz,0,10
127,Luis Hernández Chaparro,0,10
128,Alfonso Padrón,0,10
129,Distribuidora Jumper,0,10
150,Publico en General,0,10
